Gene,Correlation,P_value,Abs_Correlation
SERPINA3,0.4852332108882163,1.0694598275893032e-64,0.4852332108882163
ALB,0.46247570652230924,3.497103391292772e-58,0.46247570652230924
CYP27A1,0.44856893428609673,1.945616687771611e-54,0.44856893428609673
APOC1,0.4484513047246658,2.0893135579082075e-54,0.4484513047246658
FMO3,0.4481594185110388,2.4931106358714463e-54,0.4481594185110388
CYP8B1,0.44076585057987355,2.0693359294812108e-52,0.44076585057987355
GSTA1,0.42716415444179706,5.305347376387592e-49,0.42716415444179706
INMT,0.426108166249921,9.614262294665071e-49,0.426108166249921
CYP2C8,0.4259364249706407,1.0588201012627447e-48,0.4259364249706407
ACMSD,0.42321355995702575,4.852834670112578e-48,0.42321355995702575
ADH1A,0.4136812239830558,8.982180888405448e-46,0.4136812239830558
SLC6A1,0.4134704881112463,1.0062050522061855e-45,0.4134704881112463
ADH1B,0.4062973345043558,4.571740667511739e-44,0.4062973345043558
ALDH8A1,0.4055086443799932,6.916027557417727e-44,0.4055086443799932
PTGIS,0.4039501936675933,1.5619734412229755e-43,0.4039501936675933
SERPINA1,0.4035731949176044,1.900998823878705e-43,0.4035731949176044
CES1,0.40269498086817607,3.0011029216047008e-43,0.40269498086817607
F2,0.4012283746046324,6.413777185726439e-43,0.4012283746046324
PIP5K1A,0.3989017416399566,2.123142835228549e-42,0.3989017416399566
PLG,0.3810889076715414,1.4862429925248424e-38,0.3810889076715414
CA5A,0.3805211894578474,1.9533493026058178e-38,0.3805211894578474
CYP1A2,0.38003862404797945,2.4631057073780614e-38,0.38003862404797945
ALDH4A1,0.37691201243371436,1.0961254419603285e-37,0.37691201243371436
SMURF1,0.37624818116805636,1.5017995006735553e-37,0.37624818116805636
CYP2A6,0.3753222121416668,2.327206674295468e-37,0.3753222121416668
PTGR1,0.3744627214641036,3.4901956637416074e-37,0.3744627214641036
BCHE,0.37408491309586495,4.169205904288468e-37,0.37408491309586495
AKR1C4,0.3705982862207826,2.126748795273294e-36,0.3705982862207826
UBE2Q1,0.37053793587376577,2.1872022505790028e-36,0.37053793587376577
ATP2B2,0.3685285939024182,5.5424421364672295e-36,0.3685285939024182
LPCAT3,0.36801749771144404,7.013889818985106e-36,0.36801749771144404
DHTKD1,0.36436133251734243,3.733376617553677e-35,0.36436133251734243
CYP4A11,0.3631342510382853,6.511910410733118e-35,0.3631342510382853
PI4K2A,0.3617115745770585,1.237403487748174e-34,0.3617115745770585
PC,0.361588734122801,1.3077308308552357e-34,0.361588734122801
DHODH,0.36102184235097823,1.6872194200863687e-34,0.36102184235097823
HSD17B6,0.3598480594530061,2.8548043389380232e-34,0.3598480594530061
RNF146,0.35577189728788766,1.7432368234398856e-33,0.35577189728788766
DDAH2,0.35561241439628766,1.8701143803644047e-33,0.35561241439628766
DPYD,0.35277320057242106,6.488494674070499e-33,0.35277320057242106
CTSZ,0.35266837285780034,6.791822211128306e-33,0.35266837285780034
SLC39A1,0.34806815269319624,4.958983611194812e-32,0.34806815269319624
AKR1C1,0.34768070453918243,5.854078039135008e-32,0.34768070453918243
PPP1R3B,0.34700834931564106,7.803284520082245e-32,0.34700834931564106
CTSD,0.34656168937377707,9.441243430654489e-32,0.34656168937377707
CYP2C9,0.34633952123948064,1.0378626585961787e-31,0.34633952123948064
RDH16,0.3460936342989583,1.1523938483342264e-31,0.3460936342989583
GALNT2,0.34443257777605624,2.331551033536384e-31,0.34443257777605624
SIAH2,0.34335133521828726,3.6801727869774084e-31,0.34335133521828726
DHRS3,0.3431830340000755,3.950504178101455e-31,0.3431830340000755
UBE3B,0.34194724322083164,6.639193483246998e-31,0.34194724322083164
USP21,0.3418232102918157,6.993398392078753e-31,0.3418232102918157
CYP2D6,0.34133465370788185,8.580289785426235e-31,0.34133465370788185
KMO,0.3407380640980009,1.1008794012478465e-30,0.3407380640980009
FAM20B,0.3405162023288295,1.2076228911797506e-30,0.3405162023288295
TPP1,0.3394115990670064,1.9122796360252214e-30,0.3394115990670064
AMDHD1,0.33873447134198936,2.5323307973619113e-30,0.33873447134198936
CYB5R3,0.331615804828488,4.650966676170071e-29,0.331615804828488
GAA,0.3314593647946851,4.95392535741387e-29,0.3314593647946851
GLUD1,0.3308464341856275,6.341230809185508e-29,0.3308464341856275
PLOD1,0.32908494481197537,1.2851859724489762e-28,0.32908494481197537
AKR1C2,0.3271885558976176,2.7353304348751642e-28,0.3271885558976176
CNDP1,0.325861996186446,4.624924500432747e-28,0.325861996186446
DHRS2,0.3255143607190576,5.305075812169363e-28,0.3255143607190576
SUOX,0.3246327235749338,7.506924462600949e-28,0.3246327235749338
CPT2,0.3241548816621887,9.05671029660496e-28,0.3241548816621887
ATP11A,0.3234213693755262,1.2072737913539598e-27,0.3234213693755262
ACADL,0.3215728907573394,2.482395811003477e-27,0.3215728907573394
WWOX,0.3207115018581564,3.467490660340762e-27,0.3207115018581564
NAGLU,0.3179605809559739,1.0009024606923794e-26,0.3179605809559739
TM7SF2,0.3177250898440632,1.0954167453402307e-26,0.3177250898440632
CYP4F11,0.3174936520927573,1.1969013125921764e-26,0.3174936520927573
ENO3,0.3174689430232246,1.2082713781813542e-26,0.3174689430232246
PIK3C2A,0.31590491669036863,2.194270130202051e-26,0.31590491669036863
UBE2H,0.315654363364346,2.4135604245384057e-26,0.315654363364346
PLA2G4C,0.31497119911283683,3.127898879145308e-26,0.31497119911283683
UROC1,0.3146320575936481,3.5566307743113515e-26,0.3146320575936481
ADH4,0.31333234635898694,5.809819887905234e-26,0.31333234635898694
FKBP2,0.31303735820157397,6.492124030589358e-26,0.31303735820157397
SLC2A14,0.31231483116067243,8.516756956256089e-26,0.31231483116067243
VKORC1,0.30902785730533744,2.900451184842156e-25,0.30902785730533744
CHST11,0.3083279883331949,3.7576223034499554e-25,0.3083279883331949
PNPLA7,0.30761105166798003,4.895398713893132e-25,0.30761105166798003
AGPAT1,0.30727169327454,5.546928395809607e-25,0.30727169327454
PMVK,0.3070785341902083,5.9553527525615e-25,0.3070785341902083
HAS3,0.30626569046258545,8.0259624132557065e-25,0.30626569046258545
ATP6AP1,0.3048181827895589,1.3622596952031027e-24,0.3048181827895589
PDXP,0.3031616669304393,2.48665650992528e-24,0.3031616669304393
QDPR,0.29973808939435564,8.519968768406196e-24,0.29973808939435564
SIRT5,0.2988761255903657,1.1586807620949155e-23,0.2988761255903657
SLC6A6,0.29852801442831295,1.311478115299939e-23,0.29852801442831295
FHIT,0.29825166715540785,1.4468229614605597e-23,0.29825166715540785
RNF25,0.2973750966013204,1.97427406972001e-23,0.2973750966013204
BCKDK,0.2967704751529257,2.4448232390722167e-23,0.2967704751529257
PPIL2,0.29486660355018085,4.7768526085975384e-23,0.29486660355018085
SCNN1D,0.2946475455887088,5.157881055901572e-23,0.2946475455887088
PLCB2,0.29319839713936713,8.555173138302795e-23,0.29319839713936713
CDC34,0.2919345971888059,1.326925749308991e-22,0.2919345971888059
ZDHHC8,0.2893412066807921,3.2434228625764285e-22,0.2893412066807921
ABCC9,0.28926175245750707,3.332974902436171e-22,0.28926175245750707
SLC25A20,0.28925925046548007,3.3358342042034854e-22,0.28925925046548007
FPGS,0.2892414852755123,3.3562062767529474e-22,0.2892414852755123
HMGCS1,0.28859734650454094,4.184037016875128e-22,0.28859734650454094
SLC2A1,0.28859624884388135,4.1856071724352675e-22,0.28859624884388135
CPA2,0.288220052873692,4.759514158953756e-22,0.288220052873692
MAN2B2,0.28717695557122175,6.789725412373034e-22,0.28717695557122175
SCD,0.28663322717393563,8.166214812972215e-22,0.28663322717393563
CBR1,0.28586770860359356,1.0582606322855805e-21,0.28586770860359356
ARSD,0.2857576205257248,1.0983804423574353e-21,0.2857576205257248
USP5,0.28543634376636856,1.2242575882906666e-21,0.28543634376636856
GSTZ1,0.28470279885178,1.5675757480808083e-21,0.28470279885178
CHST15,0.284375467233106,1.7499725262951728e-21,0.284375467233106
CYP2C19,0.28389929146782805,2.053323864606962e-21,0.28389929146782805
DCXR,0.2817416164882394,4.2205177794839836e-21,0.2817416164882394
B3GNT2,0.28166056562073777,4.335770336822639e-21,0.28166056562073777
SLC4A9,0.2808192751950251,5.731743362784674e-21,0.2808192751950251
PECR,0.28075413850504993,5.8567248242934326e-21,0.28075413850504993
NQO2,0.27936020556304547,9.279723419588702e-21,0.27936020556304547
EHMT2,0.2791625274874589,9.903490441969124e-21,0.2791625274874589
MBOAT7,0.2772755280788691,1.837959610994034e-20,0.2772755280788691
GPX4,0.2763557140924254,2.4801830983296873e-20,0.2763557140924254
MYLIP,0.275842084267144,2.93051615610343e-20,0.275842084267144
MTMR14,0.275257435353107,3.541899907269172e-20,0.275257435353107
MIOX,0.2749236481122703,3.9457461069959674e-20,0.2749236481122703
RNF19A,0.2739437413212149,5.412761838806927e-20,0.2739437413212149
DDOST,0.2735962680513139,6.0529563813871e-20,0.2735962680513139
PIGH,0.2731860459352286,6.905467773520559e-20,0.2731860459352286
UBE2R2,0.27306158834513616,7.186798858167088e-20,0.27306158834513616
FBP2,0.272046796668615,9.945006558001556e-20,0.272046796668615
B4GALT3,0.2713977343238566,1.2232649233197236e-19,0.2713977343238566
CYP2S1,0.27105724893971517,1.3632983416876148e-19,0.27105724893971517
USP34,0.2703464750738053,1.708581868258312e-19,0.2703464750738053
CYP3A4,0.2702929536318571,1.7378279540032465e-19,0.2702929536318571
PFKFB4,0.2693293591044289,2.357384271428858e-19,0.2693293591044289
UBE4B,0.2691578655629402,2.4885251190100725e-19,0.2691578655629402
ADCY5,0.2689954900430397,2.6193164962746015e-19,0.2689954900430397
MPO,0.26867149591946393,2.9008867920650547e-19,0.26867149591946393
WWP2,0.26844619818066046,3.114082148825078e-19,0.26844619818066046
INPP5A,0.2683429774815149,3.2168519214276844e-19,0.2683429774815149
PI4KA,0.26768990912907265,3.9491606836242326e-19,0.26768990912907265
MPST,0.26744841784639023,4.2597129275927395e-19,0.26744841784639023
PHPT1,0.267436490283982,4.275660636493094e-19,0.267436490283982
ACSL1,0.2665916605648913,5.568588351433874e-19,0.2665916605648913
SLC6A13,0.2654895131224368,7.849092471877095e-19,0.2654895131224368
RDH11,0.2638577853679732,1.3009084420225912e-18,0.2638577853679732
USP40,0.263072476467826,1.6569492007452704e-18,0.263072476467826
CRAT,0.2624621745664277,1.9985519619923475e-18,0.2624621745664277
MACROD1,0.262236471562296,2.1417436748628667e-18,0.262236471562296
PIK3CA,0.26194174693870387,2.344045297108732e-18,0.26194174693870387
DIO2,-0.2618613134259493,2.4024541243144132e-18,0.2618613134259493
MAN2B1,0.2617855644981154,2.458772168060875e-18,0.2617855644981154
KPNA6,0.26116755333861424,2.9696045409186694e-18,0.26116755333861424
SLC20A1,0.2604953879326625,3.644316717745699e-18,0.2604953879326625
PARP11,0.25979529764652337,4.5076988214902034e-18,0.25979529764652337
FLAD1,0.2591829120401722,5.426225915158756e-18,0.2591829120401722
ABCC11,0.25913345232162466,5.5079970681623025e-18,0.25913345232162466
SULT1A1,0.2578868852130035,8.021492578007914e-18,0.2578868852130035
SCD5,0.2574920056184102,9.032101494462498e-18,0.2574920056184102
GBA2,0.2574430616917741,9.165793774039241e-18,0.2574430616917741
HSD17B3,0.2569430692305759,1.0648323009330394e-17,0.2569430692305759
PTGS1,0.2564129242006809,1.2478569957952572e-17,0.2564129242006809
DOLPP1,0.2559548593910616,1.4307216117963895e-17,0.2559548593910616
CHKA,0.25582260977291116,1.488263873170909e-17,0.25582260977291116
ATP2A1,0.2553590856081554,1.708532329075375e-17,0.2553590856081554
CYP2B6,0.25518898319565664,1.797176030421911e-17,0.25518898319565664
ACHE,0.2539272965909515,2.6122797896044072e-17,0.2539272965909515
CYP4F2,0.25375029557659057,2.7525497986904282e-17,0.25375029557659057
ADH6,0.25305302143843417,3.3810301873692176e-17,0.25305302143843417
TBCB,0.25299451707690346,3.439778445541354e-17,0.25299451707690346
TTL,0.252956641557031,3.47834691202657e-17,0.252956641557031
F13A1,0.25288249675841307,3.555085521141179e-17,0.25288249675841307
FKBP14,0.2525222047671911,3.952378789474486e-17,0.2525222047671911
ATP6V0D1,0.25233061214797986,4.181141802669448e-17,0.25233061214797986
MYLK4,0.2516812850903549,5.05777217167014e-17,0.2516812850903549
MGST1,0.2515379210279432,5.274469868597391e-17,0.2515379210279432
DPM2,0.25121375865915907,5.798730176730823e-17,0.25121375865915907
IP6K1,0.25051904726141017,7.101208461070889e-17,0.25051904726141017
METTL1,0.2504061575333726,7.338487879989063e-17,0.2504061575333726
UBE2E2,0.24982829615566005,8.680859739074512e-17,0.24982829615566005
PDE1B,0.247559545257275,1.6718504087068877e-16,0.247559545257275
SGSH,0.24668987478459015,2.1455871121396224e-16,0.24668987478459015
MTR,0.2466137170586833,2.1928773333101332e-16,0.2466137170586833
NEU3,0.2457570639640241,2.8008814678011445e-16,0.2457570639640241
TRIM11,0.24534906211938423,3.146084236434289e-16,0.24534906211938423
CYP3A7,0.2448186776865371,3.6580414546780013e-16,0.2448186776865371
ADCY3,0.24457596698733247,3.9188658733467365e-16,0.24457596698733247
PNKP,0.24439908285935005,4.1203978676336876e-16,0.24439908285935005
STARD8,0.2441103588480042,4.471476609559936e-16,0.2441103588480042
FMO5,0.24363692483909077,5.111891219750362e-16,0.24363692483909077
RNF2,0.24333914806631005,5.560076074557911e-16,0.24333914806631005
ITCH,0.24311734219463063,5.918833732188995e-16,0.24311734219463063
GMPR2,0.24300379792697838,6.11120302734337e-16,0.24300379792697838
MIF,0.24268982498521355,6.675748072006411e-16,0.24268982498521355
GRK7,0.24246852864117976,7.10417633276972e-16,0.24246852864117976
ST6GALNAC4,0.24229645085040324,7.45591120089356e-16,0.24229645085040324
ACADS,0.2420806244692778,7.921370565312536e-16,0.2420806244692778
SAE1,0.2412093825305209,1.0108926881176817e-15,0.2412093825305209
FASN,0.24039994986798896,1.2668415055903064e-15,0.24039994986798896
SMOX,0.2401508200580737,1.3577439514311358e-15,0.2401508200580737
PARP8,0.2397617464923515,1.512693341048704e-15,0.2397617464923515
HIRIP3,0.2397575767426405,1.5144447430255476e-15,0.2397575767426405
USP32,0.23967253228253976,1.5506039327943765e-15,0.23967253228253976
CYP1A1,0.23946445045510312,1.6426952716477051e-15,0.23946445045510312
OLAH,0.2394282271805605,1.6592674618378496e-15,0.2394282271805605
HYAL3,0.2393926477318177,1.6757051437837205e-15,0.2393926477318177
PSAT1,0.2393743391842216,1.6842259873894953e-15,0.2393743391842216
IL4I1,0.2392006886061415,1.767191822372226e-15,0.2392006886061415
FKBP4,0.23718760888228516,3.0773162108502063e-15,0.23718760888228516
ACOX2,0.23652228443145498,3.692313302915247e-15,0.23652228443145498
SLC9A5,0.23439241485055148,6.59140105326647e-15,0.23439241485055148
USP51,0.2343512439457419,6.665280150526374e-15,0.2343512439457419
UBE2M,0.23261846408566342,1.0634434397120149e-14,0.23261846408566342
SLC25A42,0.2319693911847612,1.2655996884532602e-14,0.2319693911847612
DZIP3,0.23121854244313017,1.5468377646023465e-14,0.23121854244313017
LPL,0.2296351685075711,2.3562485143985095e-14,0.2296351685075711
ATP12A,0.22948505007025705,2.4517694347227043e-14,0.22948505007025705
PHOSPHO2,-0.22934087636687828,2.5470839411589034e-14,0.22934087636687828
HERC2,0.22761837743809565,4.00929389899768e-14,0.22761837743809565
PLA2G2E,0.2268505997839224,4.90200198962632e-14,0.2268505997839224
MGST3,0.22660286111229655,5.2296987498210376e-14,0.22660286111229655
RDH8,0.2264082010477627,5.502189327034278e-14,0.2264082010477627
BIRC6,0.22574052019643331,6.5469997192331e-14,0.22574052019643331
CTSO,0.22550875403791024,6.953385990276268e-14,0.22550875403791024
TGM5,0.22438754860274923,9.296372227470935e-14,0.22438754860274923
ITPA,0.22423928990901495,9.659167733420071e-14,0.22423928990901495
ATP8B2,0.22416788674880664,9.838817019081273e-14,0.22416788674880664
ZDHHC12,0.22394490760642144,1.0421200940774878e-13,0.22394490760642144
AKR7A3,0.22387645316179008,1.0606685703513246e-13,0.22387645316179008
PNPLA6,0.2234075305852068,1.1967337439912166e-13,0.2234075305852068
NAAA,0.22283910511848673,1.3847787396187954e-13,0.22283910511848673
PJA1,0.22225550733828436,1.6079602012863483e-13,0.22225550733828436
PARP1,0.22128043144342693,2.0620343256770306e-13,0.22128043144342693
COX7A1,0.22105585058854604,2.1832499390269858e-13,0.22105585058854604
CYP2C18,0.22061354955874438,2.4427673495782834e-13,0.22061354955874438
GCDH,0.22056450188059112,2.473345854588689e-13,0.22056450188059112
ACP6,0.2192877464758736,3.4156422728674674e-13,0.2192877464758736
SLC7A5,0.21909369797251022,3.5867650661539385e-13,0.21909369797251022
SLC7A8,0.21886820429088236,3.7961966388939793e-13,0.21886820429088236
PHKA2,0.2187509262079806,3.9098144842781657e-13,0.2187509262079806
PTRH1,0.21827203253081662,4.4093876560421394e-13,0.21827203253081662
ZC3HAV1,0.21802826566158826,4.687201809105633e-13,0.21802826566158826
PGD,0.21770634924091045,5.080514528461727e-13,0.21770634924091045
ADCY4,0.21724322857913178,5.703677332357051e-13,0.21724322857913178
GSTM5,0.21704158401667153,5.997872851330102e-13,0.21704158401667153
TRIM63,0.21669625498416767,6.536624241170466e-13,0.21669625498416767
CYP4Z1,0.216672841717019,6.574821747055737e-13,0.216672841717019
G6PC2,0.21578447348391416,8.197524005505239e-13,0.21578447348391416
UBE2W,0.21508528724235443,9.745114615871306e-13,0.21508528724235443
CYP4F3,0.21498085639652748,9.999594243223775e-13,0.21498085639652748
SLC16A5,0.21347629723401373,1.4475653579475495e-12,0.21347629723401373
NUDT3,0.21339521382295298,1.4765980447664296e-12,0.21339521382295298
ST8SIA5,0.21322456088448427,1.5395782610824703e-12,0.21322456088448427
SLC14A1,0.21299572014175966,1.628179204871863e-12,0.21299572014175966
SCN11A,0.21247883648186824,1.847090431844763e-12,0.21247883648186824
POLE,0.21239833260866015,1.8836852021806437e-12,0.21239833260866015
HS6ST1,0.21229830757581636,1.930144268025833e-12,0.21229830757581636
PLA2G5,0.2115012154521506,2.342741489828113e-12,0.2115012154521506
MCCC2,0.21140142492520844,2.4001252773847123e-12,0.21140142492520844
GSTP1,0.21134080703256525,2.4356528571053147e-12,0.21134080703256525
SLC12A6,0.21118722374139676,2.5279882385275484e-12,0.21118722374139676
UBE2S,0.21106536719377286,2.603680417294882e-12,0.21106536719377286
KLK2,0.21090923718070154,2.7039122295609063e-12,0.21090923718070154
AMFR,0.20886413050528002,4.42277469093213e-12,0.20886413050528002
NLN,0.2086537098291457,4.651126846922916e-12,0.2086537098291457
SPR,0.20811790858499896,5.285973004798455e-12,0.20811790858499896
SLC6A18,0.20776187642717178,5.753937809451945e-12,0.20776187642717178
MGAT5,0.20752819523153068,6.082878650887968e-12,0.20752819523153068
ACAD11,0.20750927837203048,6.110298082743011e-12,0.20750927837203048
TPI1,0.20729056160808315,6.4362399870687195e-12,0.20729056160808315
PLB1,0.20615931330691048,8.413353922031371e-12,0.20615931330691048
CEPT1,0.20452255820574958,1.2362615990363565e-11,0.20452255820574958
PAFAH1B2,0.2036663882763023,1.5100262035454293e-11,0.2036663882763023
DECR2,0.20333858544262887,1.629840683495134e-11,0.20333858544262887
FPGT,-0.20203418979915236,2.205694564196513e-11,0.20203418979915236
ADH5,-0.2014432323598555,2.5280503766163313e-11,0.2014432323598555
UBA1,0.20028820977654052,3.296462352822512e-11,0.20028820977654052
NDUFB10,0.19968737162903336,3.7821097086044554e-11,0.19968737162903336
PDE7A,0.19901583757883903,4.407801455246574e-11,0.19901583757883903
SLC12A3,0.19894998952734796,4.474340469610336e-11,0.19894998952734796
SLC4A5,0.19857731402286746,4.8698328455759827e-11,0.19857731402286746
UBR2,0.1974329296758602,6.309905157133401e-11,0.1974329296758602
FXYD2,0.19670090344197774,7.441098707037373e-11,0.19670090344197774
GCK,0.19554070870639906,9.651037913957202e-11,0.19554070870639906
ALDH3B1,0.19474304405887927,1.1529744967192783e-10,0.19474304405887927
GRK1,0.19409242098753235,1.3322445747536704e-10,0.19409242098753235
CYP11B1,0.1937285524061781,1.4440788455407617e-10,0.1937285524061781
SLC39A7,0.1927104801886078,1.8079093530512e-10,0.1927104801886078
SLC4A7,0.19268896769580465,1.816489827284085e-10,0.19268896769580465
BCKDHA,0.19233406235399805,1.9639172013880708e-10,0.19233406235399805
ATP4B,0.1922308908420381,2.0089217087606543e-10,0.1922308908420381
THOP1,0.19192737022037165,2.147233550921549e-10,0.19192737022037165
DIO3,0.19180891195368227,2.203697428604823e-10,0.19180891195368227
ASMT,0.1917828562694614,2.216309985272496e-10,0.1917828562694614
NUDT10,0.1916455074308698,2.2839680629037308e-10,0.1916455074308698
FOLR1,0.19150013503014215,2.357772765062793e-10,0.19150013503014215
NME4,0.1914198317229614,2.3995344005786853e-10,0.1914198317229614
PDPR,0.19093797501750612,2.6657011949047914e-10,0.19093797501750612
PARP3,0.189214280062349,3.8749252717218865e-10,0.189214280062349
BLVRA,0.1888284277188173,4.211346339086235e-10,0.1888284277188173
PRPS1,0.18764103882957112,5.435178170029278e-10,0.18764103882957112
RAG1,0.18697673232816814,6.264494538532663e-10,0.18697673232816814
CYP11B2,0.18599382642213685,7.72191276889199e-10,0.18599382642213685
TYMP,0.1849529922076473,9.62460825501247e-10,0.1849529922076473
G6PC3,0.18198417568934222,1.791513246354913e-09,0.18198417568934222
PLCB3,0.18197217615058847,1.7959805529651848e-09,0.18197217615058847
HSD17B4,0.18104226320157518,2.1772112548322785e-09,0.18104226320157518
AK1,0.180862609222924,2.2594418509274043e-09,0.180862609222924
SLC44A4,0.1807963075283775,2.290546017216625e-09,0.1807963075283775
HSD17B8,0.18012117453170182,2.63194354790399e-09,0.18012117453170182
ALPP,0.1800720944799306,2.658605947545346e-09,0.1800720944799306
FKBP7,0.1799138265796472,2.746385347588335e-09,0.1799138265796472
CYP2F1,0.17939577780813767,3.0538701240961298e-09,0.17939577780813767
CTSA,0.17817171579476546,3.9193613129611174e-09,0.17817171579476546
EZH1,0.1764531010314356,5.547444003918705e-09,0.1764531010314356
UBE3C,0.17589192459806716,6.20923584889483e-09,0.17589192459806716
COX5B,0.17568015375480237,6.478397886522936e-09,0.17568015375480237
UBE2A,0.17482389898349676,7.686964310760976e-09,0.17482389898349676
RCHY1,0.174571953776296,8.082457263230403e-09,0.174571953776296
CERK,0.17392633122768753,9.188253125933302e-09,0.17392633122768753
PDE3B,0.17369562928223195,9.617942108399382e-09,0.17369562928223195
USP8,0.1728681158665658,1.1325608799725867e-08,0.1728681158665658
ACYP2,0.17235487129921154,1.2528907461861744e-08,0.17235487129921154
PLA2G2F,0.17156886084595518,1.4615565335299088e-08,0.17156886084595518
ALPI,0.17057562109264102,1.7738501642516853e-08,0.17057562109264102
RNF5,0.16972256249156667,2.092941752101921e-08,0.16972256249156667
SLC6A15,0.16886064226218653,2.4715914748495696e-08,0.16886064226218653
ACACA,0.1685001396190711,2.6489489853550092e-08,0.1685001396190711
KCNJ11,0.16835896042747764,2.721714192070479e-08,0.16835896042747764
ENTPD3,0.16829345295785264,2.756131725324604e-08,0.16829345295785264
CNOT4,0.16801263947543596,2.9085099530840667e-08,0.16801263947543596
ZDHHC18,0.16720726178159515,3.392197660920322e-08,0.16720726178159515
CYP4B1,0.1671339163878015,3.439930041975901e-08,0.1671339163878015
CHAT,0.1671158738190169,3.4517712780104334e-08,0.1671158738190169
ZDHHC3,0.166774477499869,3.683413095192548e-08,0.166774477499869
ALDH1A3,0.1666839805383673,3.747297883792691e-08,0.1666839805383673
TGM3,0.16516384141022783,4.995221789743405e-08,0.16516384141022783
USP26,0.16464227888488622,5.509644026509968e-08,0.16464227888488622
GALNTL6,0.1645656733089855,5.589392576689233e-08,0.1645656733089855
NALCN,0.1643053989634182,5.8687769657160776e-08,0.1643053989634182
APRT,0.1634283593382751,6.913239070421485e-08,0.1634283593382751
B3GAT2,0.1633756566794386,6.981424679271166e-08,0.1633756566794386
PYGL,0.1619744188246186,9.052571845759086e-08,0.1619744188246186
PYGM,0.16193934102981525,9.111377952424847e-08,0.16193934102981525
FN3KRP,0.161632412005553,9.641927287228392e-08,0.161632412005553
RNF8,0.1610575337546668,1.0717100646451345e-07,0.1610575337546668
HECW2,0.16064038063025016,1.1568904807252529e-07,0.16064038063025016
ATP2B3,0.16003643564605943,1.2918997769727218e-07,0.16003643564605943
FIG4,0.16003383954211078,1.2925117391484698e-07,0.16003383954211078
HECTD2,0.15874908442540822,1.6323465510907295e-07,0.15874908442540822
SLC6A3,0.15844311254799137,1.7251900156850243e-07,0.15844311254799137
PLCB1,0.15812328518585217,1.8276812819373372e-07,0.15812328518585217
SACM1L,-0.15701372877316086,2.2308176804810236e-07,0.15701372877316086
BRAP,0.1565223335656985,2.4356160929919454e-07,0.1565223335656985
ADH7,0.1561699743987501,2.593512301208687e-07,0.1561699743987501
NUP43,0.1561431571213389,2.605925601316171e-07,0.1561431571213389
USP29,0.1560719609686605,2.6391598609937353e-07,0.1560719609686605
PNLIPRP1,0.15539416730580513,2.9767166341925763e-07,0.15539416730580513
RANBP2,0.15532263547323127,3.014678494044352e-07,0.15532263547323127
EEF1A1,0.15514078925937042,3.1132976393710877e-07,0.15514078925937042
CHST4,0.15477368128384333,3.321952462660762e-07,0.15477368128384333
GAPDH,0.15412091124965124,3.7267180266884743e-07,0.15412091124965124
PARP15,0.15344538493888438,4.195484397167338e-07,0.15344538493888438
ALOXE3,0.15337084185792807,4.2505638628804747e-07,0.15337084185792807
GLYATL1,0.1532990764391779,4.304248712911378e-07,0.1532990764391779
ABCC8,0.1532514406936838,4.340243177566328e-07,0.1532514406936838
GPX1,0.1525967966115803,4.865256014643567e-07,0.1525967966115803
CYP11A1,0.15243847605994817,5.001125966892531e-07,0.15243847605994817
PPIE,0.15041813248947358,7.090056553880781e-07,0.15041813248947358
POLD2,0.1496041337835891,8.150108502689234e-07,0.1496041337835891
PLCZ1,0.14815427554396235,1.0426874061233344e-06,0.14815427554396235
PARP10,0.1474124481068984,1.181690969615004e-06,0.1474124481068984
PARP4,0.14734680079381765,1.1948152654405355e-06,0.14734680079381765
PTRH2,-0.14654486375980444,1.366880505030349e-06,0.14654486375980444
NSDHL,0.1460474427373832,1.485310811364748e-06,0.1460474427373832
RPE,0.14597678446249868,1.5029127854186606e-06,0.14597678446249868
ACSF3,0.14554264040181775,1.6155404773768547e-06,0.14554264040181775
USP25,0.14503284603874186,1.7581457313039353e-06,0.14503284603874186
TPSAB1,0.1445368500551585,1.9084360796594845e-06,0.1445368500551585
ACAT1,0.1442658676405555,1.9956749640979535e-06,0.1442658676405555
CHST6,0.14403354399968119,2.0735024009022603e-06,0.14403354399968119
RNF133,0.14373627687263069,2.1773384496033364e-06,0.14373627687263069
ABCD3,0.14358407561585912,2.2324149036747926e-06,0.14358407561585912
CYP4F8,0.14249104763087136,2.669069915267993e-06,0.14249104763087136
TPH1,0.14173400206171644,3.0182882192452996e-06,0.14173400206171644
NDUFA4,-0.14117057988447912,3.306172246204477e-06,0.14117057988447912
PTGES,0.1406846617479041,3.5754092522191183e-06,0.1406846617479041
NME1,-0.14048200446206335,3.693793162693111e-06,0.14048200446206335
CYP2J2,0.14034211292497922,3.7776913421687095e-06,0.14034211292497922
TIPARP,0.13914319494447694,4.575486864404118e-06,0.13914319494447694
MTM1,-0.13907336539089396,4.626607758551489e-06,0.13907336539089396
PLCB4,-0.13903020455406095,4.658477721885153e-06,0.13903020455406095
PNCK,0.13844918821068597,5.108475576811532e-06,0.13844918821068597
SLC4A8,0.13826025623589772,5.26355324028021e-06,0.13826025623589772
NDUFB11,0.1379044231615329,5.567929961894063e-06,0.1379044231615329
NDUFB9,0.1375611378210377,5.8774697658992385e-06,0.1375611378210377
XDH,0.13656639086214586,6.870058348114233e-06,0.13656639086214586
FUT4,-0.1363129682085695,7.1474370776473366e-06,0.1363129682085695
PDIA3,0.1359187534765574,7.600280855715716e-06,0.1359187534765574
RBBP6,0.13591638902243575,7.603077856337986e-06,0.13591638902243575
CYP39A1,0.13591349063718638,7.6065078047289395e-06,0.13591349063718638
PNLIPRP3,0.13591333566795674,7.6066912368798795e-06,0.13591333566795674
IMPA1,-0.1358901558174885,7.634176104634613e-06,0.1358901558174885
PLA2G4F,0.1344181111596719,9.5876790796761e-06,0.1344181111596719
TGM4,0.13388708453231438,1.0402960515016307e-05,0.13388708453231438
LDHAL6A,0.1338853361847707,1.040575084833124e-05,0.1338853361847707
SDHB,0.13364924208715365,1.0789180217741983e-05,0.13364924208715365
PYCR1,0.1333821885752104,1.123912188940525e-05,0.1333821885752104
ABHD6,0.1320436956626356,1.3777097131976475e-05,0.1320436956626356
ACSF2,0.13185204216133548,1.418239706706696e-05,0.13185204216133548
SLC6A8,0.13152016940273933,1.4911217930380707e-05,0.13152016940273933
OXCT2,0.13083451284332673,1.653149668474698e-05,0.13083451284332673
UCP3,0.13050282493565285,1.7374174155425687e-05,0.13050282493565285
CEL,0.1304745738831066,1.7447806629751557e-05,0.1304745738831066
NMT1,0.1304357354597443,1.7549518450171053e-05,0.1304357354597443
SLC44A5,0.1289950158543804,2.1747260796111097e-05,0.1289950158543804
PDE4A,0.12889442211316596,2.2073500124439577e-05,0.12889442211316596
SLC4A4,0.12630896340932002,3.2243616479737236e-05,0.12630896340932002
SLC6A19,0.1262342485461234,3.2595144036901074e-05,0.1262342485461234
PCMT1,-0.12614126812903995,3.303768844446094e-05,0.12614126812903995
SLC1A6,0.12593908144433064,3.4019756902163315e-05,0.12593908144433064
SCNN1A,0.12564105247459248,3.551797407888062e-05,0.12564105247459248
UBE2L3,0.12546933535911503,3.640940253186941e-05,0.12546933535911503
SUCLG1,-0.12541828336265534,3.6678491168281865e-05,0.12541828336265534
PLCD3,0.12513906107676706,3.8183910972969893e-05,0.12513906107676706
MTMR6,-0.12446769255231431,4.204687235449071e-05,0.12446769255231431
DDC,-0.12429740520217103,4.308398911096001e-05,0.12429740520217103
NMT2,0.12346587284102353,4.850597079137766e-05,0.12346587284102353
PLCE1,0.12305395255182144,5.14253233640277e-05,0.12305395255182144
HERC1,0.12228354730431266,5.7337055366125886e-05,0.12228354730431266
PARP14,0.12116342628872541,6.708911584583666e-05,0.12116342628872541
FUCA1,0.12062324053835194,7.233375612819112e-05,0.12062324053835194
GUCY2D,0.11942331885623554,8.540188960042074e-05,0.11942331885623554
GSTA4,0.11703257470799396,0.00011835304083656787,0.11703257470799396
HSD17B1,0.11609690558766547,0.00013425175135936942,0.11609690558766547
PNPLA4,0.11571763481266173,0.00014125163107470547,0.11571763481266173
ZDHHC2,0.11545042933905447,0.00014638778912294008,0.11545042933905447
SLC25A2,0.1151881497979461,0.0001515996436292048,0.1151881497979461
SLC26A7,0.11414774514073285,0.00017404185244354338,0.11414774514073285
AQP2,0.11378641750335225,0.00018254043131798458,0.11378641750335225
MGAM,0.11320736357411654,0.00019697694187727013,0.11320736357411654
GSTK1,0.11164375025815657,0.00024149348666234864,0.11164375025815657
PRPS1L1,0.11142988452372637,0.0002482683376479007,0.11142988452372637
PDP1,0.11085711736581384,0.00026729963750757204,0.11085711736581384
TGM7,0.11050512666489497,0.00027966387016701677,0.11050512666489497
SPCS1,-0.11033392201817266,0.0002858693006830682,0.11033392201817266
PIK3C3,0.11011466193977175,0.0002940047381813015,0.11011466193977175
FKBP1A,0.10856022671954989,0.000358195507808322,0.10856022671954989
TRIM5,-0.10839879224041954,0.00036556433698430073,0.10839879224041954
PHOSPHO1,0.10833382711361197,0.00036856947813095775,0.10833382711361197
PIP4K2A,0.108310750655611,0.0003696424833026644,0.108310750655611
TPSD1,0.10795328964398193,0.000386640576069691,0.10795328964398193
SLC4A10,0.10740435396679643,0.00041416949027012537,0.10740435396679643
ATP6V1E2,0.10733877848478361,0.00041757762871701945,0.10733877848478361
OAT,-0.10687531892641061,0.00044242082262835303,0.10687531892641061
UBE2K,-0.10649128729022117,0.00046404298781631037,0.10649128729022117
SLC17A6,0.1058327561157592,0.0005034269195194397,0.1058327561157592
PANK1,-0.1054273559330914,0.0005291970019282384,0.1054273559330914
USP9Y,0.10476639411804534,0.0005738590987526613,0.10476639411804534
GLRX,-0.10307846062520216,0.0007043110374721649,0.10307846062520216
CTSG,0.10249824766350145,0.000755169645350818,0.10249824766350145
AKR1B1,0.1011667942612759,0.000885019759988533,0.1011667942612759
ICMT,0.10053340206895019,0.0009537880993182849,0.10053340206895019
PPIB,0.10053130556760682,0.0009540237095393398,0.10053130556760682
KLK1,0.10043089239147476,0.0009653716412277945,0.10043089239147476
COX8A,0.09976336122127398,0.0010440415524432508,0.09976336122127398
NAGPA,0.09947272088562092,0.0010801111404672929,0.09947272088562092
CA4,0.09854093442609321,0.0012036539226118962,0.09854093442609321
SLC4A2,0.09815737823309979,0.0012581962141348126,0.09815737823309979
UGGT1,-0.09696562007593247,0.0014425391061755075,0.09696562007593247
CAPN3,0.09630108030667384,0.0015558248237846784,0.09630108030667384
GOT1L1,0.09611146987374629,0.0015896167703715676,0.09611146987374629
UBR4,0.09570128768353253,0.0016650390940624155,0.09570128768353253
HCN1,0.094874101972671,0.001827231364085685,0.094874101972671
TKTL2,0.09359633141496138,0.0021064432387837245,0.09359633141496138
SPCS3,-0.09351710031870465,0.0021249808995107587,0.09351710031870465
SLC25A38,0.0916923361256326,0.002595478974061485,0.0916923361256326
POLR2H,-0.09162395516741663,0.002614831405023383,0.09162395516741663
UBE2G2,0.09112300212470453,0.0027606720280262953,0.09112300212470453
CYP24A1,0.09106842569182888,0.0027770008945356083,0.09106842569182888
SIAE,0.09032027752751663,0.0030098992940400375,0.09032027752751663
MID1,-0.0893093886005004,0.0033528606258561755,0.0893093886005004
CES3,0.08880657138987175,0.0035363592998294267,0.08880657138987175
GPX8,0.0882051143307706,0.003767814739803706,0.0882051143307706
SDR9C7,0.08789917904070682,0.003890746395814951,0.08789917904070682
PLA2G2A,0.08649180231500743,0.004504452246620129,0.08649180231500743
CA14,0.08634803837133757,0.004571832917024537,0.08634803837133757
PPIL1,0.08619062556377338,0.004646655142026602,0.08619062556377338
SLC6A14,-0.08519645115866015,0.005145339561692736,0.08519645115866015
SEH1L,-0.08183480107603398,0.007209321063405763,0.08183480107603398
AKR1B10,-0.08008683267395422,0.0085526552799953,0.08008683267395422
UBR3,-0.07935889048251589,0.009175091612365646,0.07935889048251589
CTSC,-0.07893301961727409,0.009557675177474478,0.07893301961727409
KHK,0.0783068977640571,0.010145958512303118,0.0783068977640571
SLC28A3,0.0782704047710634,0.010181218440210018,0.0782704047710634
TRIM32,0.07739295994402642,0.011062468766334412,0.07739295994402642
UBE2D3,-0.07677236850398544,0.011725969904150575,0.07677236850398544
PRDX5,-0.07669599704450218,0.011810010777243333,0.07669599704450218
USP44,0.07638446234649944,0.012158382483260526,0.07638446234649944
ATP2C2,0.07623479244496993,0.012328960889210603,0.07623479244496993
CA6,0.07519197366725786,0.01357734556836173,0.07519197366725786
MUL1,0.07489928454191712,0.013947203380635462,0.07489928454191712
SLC6A7,0.07459710030388074,0.014338350494255797,0.07459710030388074
PGM2,-0.07417717000879155,0.014897940518955806,0.07417717000879155
DUOX2,-0.07369033025901021,0.0155706682529049,0.07369033025901021
RNF31,0.07363477403237345,0.015649108912578553,0.07363477403237345
TYMS,0.0733705522660577,0.016026938267889337,0.0733705522660577
PDP2,-0.07298894028656863,0.016586762968378507,0.07298894028656863
STS,-0.07247693632379805,0.017364773545538018,0.07247693632379805
ALDH3B2,0.07244226662685103,0.017418592369577365,0.07244226662685103
ZNRF1,0.07241980234950911,0.017453542277768234,0.07241980234950911
RPUSD4,-0.07020295474720341,0.021218952849660813,0.07020295474720341
MINPP1,0.06994573055763557,0.02169859900413151,0.06994573055763557
ALDH1L2,0.06896942958156742,0.023605880604111822,0.06896942958156742
DHDDS,0.06695472993272397,0.028005232473132042,0.06695472993272397
UBE2L6,-0.06654552881560331,0.028980283279290458,0.06654552881560331
MTMR1,0.06538719237174612,0.03190007988548542,0.06538719237174612
PPAT,-0.06524531986694011,0.0322744430767449,0.06524531986694011
NUDT11,0.06503888287116356,0.03282588570043834,0.06503888287116356
SLC36A4,-0.06487718270169207,0.03326343353363599,0.06487718270169207
KLHL23,0.0644369993176258,0.03447986303505586,0.0644369993176258
UBE2D2,-0.06397304646388935,0.035802857909439614,0.06397304646388935
PIN4,0.06324167415359067,0.037976133646461185,0.06324167415359067
SCN1A,0.06302941194894059,0.038627471525603335,0.06302941194894059
GPX2,0.06276060265379131,0.03946590987344783,0.06276060265379131
SCP2,-0.062458655564399335,0.04042605521741241,0.062458655564399335
PARP12,0.058979734210268024,0.05298847051489069,0.058979734210268024
USP9X,-0.05828183964759715,0.0558660591422448,0.05828183964759715
PIK3CB,-0.057964878122447605,0.05721525840529854,0.057964878122447605
ADCY2,0.05755095111128441,0.05901784902348238,0.05755095111128441
NUDT4,-0.055944904065063444,0.06646313485371108,0.055944904065063444
ESCO2,0.05579916913165118,0.06717536599999753,0.05579916913165118
PHKA1,0.0553177615700839,0.06957279826225526,0.0553177615700839
CYP4F12,-0.05523271117117947,0.07000355922221552,0.05523271117117947
CH25H,-0.055052972119665824,0.07092108886531849,0.055052972119665824
TK1,0.05502123062594859,0.07108414098356734,0.05502123062594859
CPA5,0.05420273712321793,0.07539572374460103,0.05420273712321793
AKR1C3,0.05335073878339805,0.08010785181276893,0.05335073878339805
ETFDH,0.0527558192574566,0.08353774094539253,0.0527558192574566
PIGF,-0.05144199095699006,0.09153347227873575,0.05144199095699006
WWP1,-0.051002296396975934,0.09434263272000441,0.051002296396975934
SLC25A5,0.0505597059728898,0.09723957060843465,0.0505597059728898
NMNAT3,0.04941688029411688,0.10504888080704482,0.04941688029411688
TST,-0.048723224948352274,0.11002618349442708,0.048723224948352274
PNLIPRP2,-0.0485420635250494,0.11135628087714249,0.0485420635250494
RAD18,-0.04830426150383706,0.11312143375521908,0.04830426150383706
PGAM1,-0.047692752003732145,0.1177616866441391,0.047692752003732145
PIK3C2B,0.04631670183126131,0.12874820899787517,0.04631670183126131
ABCD2,0.046225005860096556,0.12950767795954954,0.046225005860096556
BPGM,0.04603404259217708,0.131100471673817,0.04603404259217708
CYLD,0.04324994238112082,0.15608038971064495,0.04324994238112082
ATIC,0.04291075713735584,0.15935495772300307,0.04291075713735584
SLC25A14,-0.042721726504882644,0.1612022826163136,0.042721726504882644
PIGA,-0.042501382597012194,0.16337595470678914,0.042501382597012194
CYP51A1,-0.04149990033084081,0.17353418930717365,0.04149990033084081
SEC11A,-0.04071080674050413,0.18186451376314722,0.04071080674050413
RNF14,0.04042529545104072,0.18495047103477447,0.04042529545104072
SI,-0.0401917471916897,0.18750341606343743,0.0401917471916897
SEPHS1,0.039628992447466635,0.19376149994005248,0.039628992447466635
PIN1,-0.03874362251226659,0.20391503932401345,0.03874362251226659
CKMT1A,-0.038559821101516234,0.2060705099625211,0.038559821101516234
UBR7,0.03845138325702221,0.20734990505003642,0.03845138325702221
PIGW,-0.03801866786852873,0.21251256180576078,0.03801866786852873
ENTPD6,0.037852279045869575,0.2145221975793781,0.037852279045869575
MKRN1,0.037690152129054584,0.21649348478967656,0.037690152129054584
SLC25A36,-0.035423371453541,0.24542749875756975,0.035423371453541
NUDT2,-0.03449990834609391,0.25795877609774875,0.03449990834609391
RNF138,-0.033831822302262116,0.26729643080980675,0.033831822302262116
SLC25A33,-0.03193987532898146,0.2949877383260404,0.03193987532898146
CRLS1,0.031888363146085855,0.29576760485940523,0.031888363146085855
PPIL4,0.030983382806743516,0.3096932925496709,0.030983382806743516
PIGU,0.030821239418804644,0.3122332895146739,0.030821239418804644
PNP,-0.030298866220333343,0.32050929625773167,0.030298866220333343
NEDD4,-0.02980233435371711,0.3285074202312392,0.02980233435371711
SLC9A2,-0.029102333042990997,0.34000062474178583,0.029102333042990997
MTMR2,0.028271631529013717,0.35396954693620364,0.028271631529013717
TRHDE,-0.02620110407427862,0.39033590609179464,0.02620110407427862
CA13,-0.025674596787256605,0.3999329660636763,0.025674596787256605
ACYP1,-0.024834930283760503,0.4155281644311225,0.024834930283760503
PFKP,-0.02309933551933479,0.44887776110949845,0.02309933551933479
UMPS,-0.022168040833275254,0.4673802698785737,0.022168040833275254
PREP,0.02087160897807455,0.4938256033761739,0.02087160897807455
UBA2,-0.01986500768574644,0.5148976135518594,0.01986500768574644
DNMT1,-0.019474119117098173,0.523204374328547,0.019474119117098173
AKR1A1,0.018940609110375182,0.5346518047667809,0.018940609110375182
PDE5A,0.01866851194712642,0.5405383532272056,0.01866851194712642
TXN2,-0.018336298680208855,0.5477690576943042,0.018336298680208855
NDUFA10,-0.018266155197504762,0.5493018312247077,0.018266155197504762
ESCO1,0.017229633986288746,0.5721949136466016,0.017229633986288746
HSD11B2,-0.015407850000418782,0.6134937581247388,0.015407850000418782
NDUFA13,0.013813941838611437,0.6506663634818077,0.013813941838611437
POLR2D,-0.013379327756282793,0.6609599328771801,0.013379327756282793
ADH1C,0.012961690639130743,0.6709121439218507,0.012961690639130743
AHCY,-0.012946620350141727,0.6712723590901828,0.012946620350141727
NOS2,0.012791496125149081,0.6749845624304237,0.012791496125149081
SLC30A1,0.011751945684939258,0.7000618237022044,0.011751945684939258
PPIL3,-0.011076764984260908,0.7165281555061679,0.011076764984260908
HIF1A,-0.009827247995610123,0.747346084888272,0.009827247995610123
SMS,0.00806542892289886,0.7914828213889615,0.00806542892289886
SLC3A1,-0.0072652632980631645,0.8117606144888412,0.0072652632980631645
DHFR,0.0057158520096042475,0.8513747029247803,0.0057158520096042475
TTC3,0.004381566900884234,0.885795364587312,0.004381566900884234
ACADM,0.004364996678037234,0.8862243231606441,0.004364996678037234
AMD1,-0.00429095009038391,0.88814159552604,0.00429095009038391
RNF128,0.003592489289918452,0.9062573258966333,0.003592489289918452
PPIG,-0.002925695591795231,0.9235974176904608,0.002925695591795231
TXN,-0.002033491801882478,0.9468547250570363,0.002033491801882478
