Gene,Correlation,P_Value
CYP51A1,0.2274163768591599,0.18223712849143284
FKBP4,-0.04433355758563057,0.7973796155499134
SLC25A5,-0.13328830050335566,0.4383554026233376
MPO,0.4519316877964349,0.005656970568786109
ABCC8,-0.272575485784042,0.10775704729669204
ALDH3B1,-0.1340333428176399,0.4357766783073509
ARSD,0.05267803196261776,0.760270569305002
PNPLA4,0.2247887332698599,0.1874781875900224
NOS2,-0.326369992256048,0.05205503297445831
FMO3,0.7923667696108283,8.501429425183658e-09
MYLIP,-0.5969770995518258,0.0001213580786657622
MGST1,0.7550208585350633,1.0336029106291848e-07
UBE3C,0.04245641643956945,0.8057913201103064
SLC6A13,0.8915076578177948,3.071430817316436e-13
SLC6A7,-0.35655724456948445,0.03279700838077443
PIK3C2A,0.1041511585252367,0.5455108738865566
UBR7,-0.03444451898172169,0.8419244519263578
MAN2B2,0.320160658035402,0.056960041991424994
RNF14,0.2020000958544021,0.23742237169098657
CYP24A1,-0.00997650729400995,0.9539494662865556
UBR2,0.11022990890418222,0.5221770854624073
HSD17B6,0.8006400302161837,4.561924181657877e-09
TYMP,0.41976864210729964,0.010813326372081107
KPNA6,-0.0597520640799172,0.7292154109481858
PNPLA6,-0.1542469078112586,0.3690726853729486
SLC4A7,-0.2787391745010424,0.09971786575823136
RNF19A,0.5608628463060675,0.00037347278876840526
METTL1,-0.01949237674334883,0.9101595358212733
PNKP,-0.08023275766646244,0.6418180469692165
PARP3,-0.055503378949233524,0.7478198675205543
PHKA2,0.5114762110636721,0.001431437450835931
SLC4A8,-0.26961337092930965,0.11179054168908459
PIK3CB,0.03753312520529178,0.8279531109390418
PHPT1,-0.3264603186342735,0.05198625493858737
PARP12,0.004216997254846325,0.9805262868730664
MTMR1,0.10918203477273059,0.5261641887284864
ATP2C2,-0.5162316723754107,0.0012687084702195435
CTSA,-0.24205601840217775,0.15492968300641294
OAT,0.0004929089866023001,0.9977235778035456
PDE4A,-0.4136433800921576,0.012151235239368143
PFKP,-0.3360722661598537,0.04507191838239901
PHKA1,-0.02488868221184371,0.8854340964150916
ATP2B3,-0.18207009044337333,0.2878808442543143
INPP5A,-0.13252285577443548,0.4410134458291597
ATP11A,0.1726271167777376,0.3140342731176081
PYGM,-0.11517910554090423,0.5035483880388846
ABCC9,0.7189989213456442,7.822504900194644e-07
NEDD4,0.5890805366325848,0.00015695164082206542
GBA2,-0.14740921701010568,0.390924372479925
CHAT,-0.16822748916425367,0.3267132345615787
SLC12A3,0.21326508476884778,0.21171680011245597
RAD18,-0.15284859686979546,0.3734812652324211
ATP6AP1,-0.22820272204488545,0.18068907113751645
SLC6A15,-0.22705097306085445,0.18295967695571777
RDH11,0.42265182185923755,0.0102281899978636
TRHDE,0.06109828220891877,0.7233515514227371
ACAT1,0.7412710909844412,2.3265569690939815e-07
ATP12A,0.08424643227522075,0.6251890864448698
UBE2A,-0.39998258638434175,0.01564626666793591
UBE2K,0.08831535674386344,0.6085152193531692
PIK3C3,0.02661957451408218,0.8775246780782873
ADCY2,-0.3575363840124596,0.03228683211071923
ITCH,0.32152878771934956,0.0558489490852805
FKBP7,-0.01614464813693964,0.9255419283551992
SLC4A4,0.08185340219179824,0.6350823330313329
RDH8,-0.0763641653296277,0.6580100757456706
CNOT4,-0.0802487360409278,0.6417514990067776
PLOD1,0.20477788682007098,0.23089670360706557
CYLD,0.21730333163447468,0.20298853374714224
PPIE,-0.11191431210175731,0.5157992676370294
GSTP1,-0.4231608442729561,0.010127731544786878
PREP,-0.2822403682820003,0.0953594947826182
SEH1L,0.18645582665482235,0.2762260922607895
AKR1B1,0.2154714254783707,0.20691646671793937
USP40,0.4378315768402164,0.007571725336360371
SEPHS1,0.23259276489496455,0.1722177105883271
MTMR2,-0.5859906907803356,0.00017325613931605297
ACHE,-0.01587720355723153,0.9267720239655017
CRLS1,0.15420077262434298,0.36921764484447644
SMOX,0.0430507679380721,0.8031255859034072
FKBP1A,-0.4271105242070429,0.00937635862801499
BRAP,-0.12197522825973062,0.4785255666617324
SI,-0.34379252874266764,0.04007187817118942
MUL1,0.12105601041861955,0.48187163448020764
PDPR,-0.19598134406729306,0.25198541543949565
SLC7A8,-0.13115614673487067,0.445781268362984
RNF31,0.1813050732814946,0.28994578141089034
CAPN3,0.17005296820921662,0.3214144942479135
PTGS1,-0.17411140283397364,0.30982754661322687
CRAT,0.4494096651971037,0.00596507090155911
TPSD1,-0.3734301676944908,0.024873784725401717
SCD,0.03497313235765505,0.8395297666006296
CDC34,0.1880901162752623,0.27196284665076387
ZDHHC8,-0.19315862339412415,0.25901591108172106
PPIL2,-0.05715424706602491,0.7405735940152731
CYP2D6,0.8309729867523077,3.5400590583716454e-10
CYB5R3,0.10627805743922811,0.5372907236029288
MIOX,-0.03777785481551419,0.8268482355407321
TXN2,0.22522975357079822,0.18659119599511195
CERK,0.33913852512675013,0.0430290997627826
CTSG,-0.10262618835294407,0.5514410957953175
PYGL,0.5671019472594901,0.0003104043437754396
PIGH,0.3454688179106389,0.03904795540448246
GSTZ1,0.4907759281979886,0.0023732927879182558
HIF1A,0.137246469708076,0.42475170621658936
DHRS2,0.7730112838573887,3.289990180813512e-08
GMPR2,0.11876499694341555,0.4902638192960945
CTSZ,0.3926707392300107,0.017840620742652254
PLCB4,-0.47602523600785024,0.0033398657944823085
AHCY,0.2491741223624281,0.14278154828552292
PIGU,-0.33349956127700975,0.04684552568514057
ST8SIA5,-0.2375143749963545,0.16306237805054197
STS,0.033331611448888854,0.8469706063187208
MID1,-0.5534314884765383,0.00046333141799632965
SLC25A14,-0.22040118012245333,0.19646477703174922
SMS,-0.10234983265433756,0.5525190025104944
PIN4,0.21107614297273558,0.2165547001837955
PARP4,-0.32390640471103643,0.053959094449016747
DHODH,0.8888528949511372,4.5358932031943673e-13
HAS3,0.033478487618308565,0.84630429132654
NAGPA,-0.03839014471187021,0.8240853820337537
NME4,0.3130961414009476,0.06297962829185057
SLC7A5,-0.05555116192022576,0.7476098275829571
BCKDK,0.5400585047477932,0.0006745029578147898
HERC1,0.35225039742499,0.03511992002705443
TGM5,-0.12138171506286306,0.48068464053325527
ZDHHC2,-0.08862282873110197,0.6072629661262197
UBE2W,0.22169126419181634,0.19379173446755327
MAN2B1,0.287773865108454,0.08877027158272464
IL4I1,0.11166286116799731,0.5167489029182628
SLC1A6,0.23478944020205011,0.1680870502612712
TBCB,-0.11676626556608291,0.497646180674987
PLA2G4C,0.48834030570133974,0.0025136371244739325
GCDH,0.7625305545940627,6.48777928696877e-08
ZC3HAV1,-0.05716985499807516,0.7405051886899766
FKBP14,-0.2156764172923658,0.2064743290321877
BLVRA,0.2257163869400966,0.1856159069983999
POLD2,0.0845467775430125,0.6239518973370983
GCK,0.021375402073252014,0.90152102713596
PTGR1,0.7633706842685765,6.1519362004753e-08
AK1,-0.037646202849842304,0.8274425612325428
UBE2R2,0.12373511229152381,0.47215335021557137
MINPP1,0.3461480794593171,0.03863913223114454
UBE2S,-0.1236325957492046,0.47252331454393454
CYP2C18,0.8091307762659594,2.3352391680597438e-09
ENO3,0.8652206674170129,9.952325689617735e-12
NAGLU,0.5716397568436857,0.00027070044126589185
HSD17B1,0.17551232696630767,0.30588985253201256
EZH1,-0.18406217216545534,0.28254837137987016
UBE2D3,0.38891507876350817,0.01906426203781992
CTSC,-0.001394368773479475,0.9935603867828235
SIAE,-0.25076032440404394,0.14017234102298434
FOLR1,0.058307727182038485,0.7355235141670415
CHKA,-0.061157238688703985,0.723095100082964
PARP11,0.2959457140157057,0.07968711209109687
GAPDH,-0.17677953298565774,0.3023554349963062
USP5,-0.0590531143585121,0.7322658985460667
TPI1,-0.07774547938556896,0.652210481777573
LPCAT3,0.18599828199775115,0.27742740834307344
RNF8,-0.3179279742260183,0.058810901057033946
B3GAT2,-0.5114783115144443,0.0014313617010230702
FIG4,-0.26180539733280134,0.1229670255167797
SLC39A7,-0.407161027598575,0.013717081302571123
HMGCS1,0.38101559765702436,0.021867629965228116
SLC4A9,-0.2158747240123459,0.2060472339686783
GRK7,-0.08101302075586664,0.6385715649078842
BCHE,0.7938952810810794,7.593911091002172e-09
PFKFB4,-0.395453007450457,0.016977095843112106
USP9Y,0.08851995248342814,0.6076818319400318
UMPS,0.5052040069594613,0.0016739990837973016
SPCS1,0.0520272333477513,0.7631470526859007
TTL,0.2165624622277733,0.2045707951505214
ACADL,0.9294983341553467,2.7215926380052985e-16
PECR,0.8186965778707727,1.0542793020765133e-09
USP34,0.08387592745857035,0.6267166685878052
SLC9A2,-0.4063798841969541,0.013916771006072361
BIRC6,-0.023389540849233836,0.892293364454785
SPR,0.2005070894982024,0.24098070421498674
SCP2,0.4636576678471625,0.004397761088582567
FAM20B,0.32349575995327856,0.054281803433587655
ICMT,-0.3630786878782782,0.02952000880382059
MTR,0.24235210837355464,0.1544098858887089
KMO,0.9276114700561005,4.2016796835582085e-16
ACADM,0.7120121524010583,1.117973080692451e-06
SDHB,0.4045359632413806,0.01439788455653192
SLC2A1,-0.15127774299607133,0.3784707841850853
AKR1A1,0.4408827533339777,0.007116031840115447
ABCD3,0.5016706115420673,0.0018259552625330864
DHDDS,-0.2963024780636928,0.07930766537698014
CTSD,0.3347696409678558,0.0459630595421941
CA14,0.8740888152664071,3.3598867381460223e-12
ALDH8A1,0.8502513676124261,5.284917082097023e-11
RNF146,0.12640560587111382,0.46256991996738595
TRIM32,-0.43802509191755873,0.007542099913365743
ACYP1,-0.5371502902333721,0.000730401112547458
NUP43,-0.2873477134673572,0.08926492373044045
PCMT1,-0.055438770700850085,0.7481038948788644
SLC25A2,-0.1818200581449044,0.2885546875277149
ABCC11,0.9347741040195275,7.558407197042978e-17
RNF2,-0.13888695283673586,0.41918344331892793
PIK3CA,0.25731772687230225,0.1297568080766717
PLG,0.766078555930472,5.17561811576527e-08
RBBP6,-0.1384776997135943,0.42056871073495256
NUDT10,0.3091582185334713,0.06654674886735505
ACADS,0.32981459649923667,0.04948314414480438
WWP1,0.4219387648895769,0.010370338962597123
NLN,0.40198186629043764,0.015087371078711683
PDE1B,0.2872530609847868,0.08937507802171447
AMD1,-0.053024548227763126,0.7587402801869885
PTGIS,0.16890005277788744,0.3247547427081927
USP9X,0.259041118585985,0.1271172209013358
F13A1,-0.13305514371479507,0.43916411757059726
SIRT5,0.5236589081875602,0.0010470646863354413
NQO2,0.2598529521802995,0.12588771486046815
MBOAT7,-0.24796053396724968,0.14480173534859464
TGM3,-0.2506384416848198,0.14037157949162982
ITPA,-0.25576512099088095,0.13216941685795225
UBA2,0.01556317082889243,0.9282166122426003
PRDX5,-0.15673804102397798,0.3612956697732571
PIN1,-0.05543555563236088,0.7481180296458707
PLA2G5,0.17983586729196163,0.29393810529418873
UBR4,0.17478495445167755,0.3079303659752078
PPAT,-0.024333801009708778,0.8879720067461901
MPST,0.3634843570448078,0.02932538898854559
TST,0.32306390779616184,0.0546228353581742
HERC2,0.018276294738064622,0.9157438542447365
SPCS3,0.09586874045046648,0.5780769152925123
TPH1,-0.23842398104245954,0.16140943344451456
ADCY4,-0.1160354469853658,0.5003595142598822
STARD8,0.4450977425284067,0.006525309812673651
APOC1,0.7184084826118123,8.065453785005046e-07
NDUFA10,-0.02067849756420785,0.9047168794640948
PNPLA7,0.37960778421502867,0.022401511276859427
UBE2M,0.11245980898638866,0.5137421092043215
DNMT1,-0.18281369462860791,0.2858828074907475
SLC6A8,-0.4884952551209897,0.002504497646187535
PNCK,-0.27339713030313456,0.10665795956582862
UBE4B,-0.15260468414245962,0.37425344637899133
HSD17B3,0.6277451328969545,4.163961413967026e-05
FBP2,-0.13413538555582238,0.4354241419993513
UBA1,-0.2119580064531023,0.2145965882913338
PPIL4,0.08108441212264464,0.6382748520278323
SLC6A6,-0.18403868105431198,0.28261087806828017
UBE2D2,-0.2620337065985179,0.12262882354324439
CA6,0.033823218873967,0.8447408046210393
FMO5,0.6642866711308483,9.972842296051881e-06
MCCC2,0.45278874481973186,0.005555437082775133
TRIM5,0.2837369282755487,0.0935416174848184
DDC,-0.061365105922099816,0.722191147693246
GUCY2D,0.08252200036474291,0.6323118525956787
ALDH3B2,-0.04646184419917555,0.7878696585699005
PIK3C2B,-0.6008592062350335,0.00010667839696337963
RNF128,0.24305141846398495,0.15318724628463956
MACROD1,0.03571647765123002,0.8361647223111185
MKRN1,-0.37239742202712633,0.025308305988244337
IMPA1,-0.034034481413734115,0.8437829372596454
HSD17B4,0.634046990629962,3.297251370523626e-05
GSTM5,-0.016537113412672257,0.9237371159641473
CEPT1,0.2146342282698146,0.20872899187053134
USP26,-0.1648923113283974,0.33653314786090105
CYP2J2,0.5119930258767459,0.001412905229304146
RNF138,-0.021889985334738054,0.8991622355576505
PSAT1,0.6254591369955848,4.526124693082397e-05
SLC9A5,-0.34821212568716864,0.03741812153220439
CYP27A1,0.8143999095685348,1.5153955288142315e-09
COX5B,0.020051943007714595,0.9075913825847233
ALDH1L2,-0.181510620557627,0.2893900342939734
USP44,0.07434764246438916,0.6665119959339687
NMT1,0.5652934087040982,0.0003276256564010148
HS6ST1,-0.03434966156678608,0.8423543164594542
UGGT1,-0.10443468456747401,0.5444116547588995
TXN,-0.1467845618167034,0.3929573085513419
ST6GALNAC4,-0.4967447839969635,0.0020579320978562584
FPGS,0.28583491482644985,0.09103802818168422
DPM2,-0.33277578865466356,0.047354468131597126
PPIL1,-0.09879628313189026,0.5664666255850326
FXYD2,0.7387656117993769,2.6826844766457007e-07
PLCB2,0.42881242840283773,0.009067541202448504
SLC44A5,-0.03398006544872262,0.8440296389774232
KHK,0.7640279357158374,5.9004724759770266e-08
ADCY3,-0.4779670659521158,0.003195698098157038
SLC3A1,0.016905423198761448,0.9220437271703333
CYP2C9,0.8127965960770562,1.7309794526678225e-09
CYP2C8,0.7996375767097056,4.926835410173873e-09
CH25H,0.1760061132234554,0.30450951440524365
PLCE1,-0.37881620446070663,0.022706421867604656
ATIC,-0.11295645757507129,0.51187271898958
PPIG,0.1731427214579007,0.31256891105749407
HECW2,0.5757345676163078,0.00023883881259025456
USP8,0.23705060580951864,0.16390982002116508
PDE5A,-0.5110504498723971,0.0014468649379605094
NAAA,0.06433662929715454,0.7093099012855125
AMDHD1,0.9073233600039452,2.390005605217081e-14
MTMR6,-0.050390754786171575,0.770393907505159
SUOX,0.5141009886416538,0.001339485146271072
RDH16,0.7876372496181298,1.1985461598364943e-08
SLC12A6,-0.1087436470456862,0.5278366262888058
DUOX2,-0.14634909339810748,0.394378149744968
CYP11A1,0.9199629676626863,2.182716768366716e-15
CYP1A1,0.8145022239735066,1.5025224027481345e-09
CYP1A2,0.8262180540190981,5.456813454640929e-10
SEC11A,0.3439860338891272,0.039952581260376124
CHST4,0.5008793925749171,0.001861594628090025
NDUFB10,0.03590041620431807,0.835332491638705
G6PC3,-0.3826820035328079,0.021249387177703628
PTRH2,0.16739405813589892,0.32915031191639826
ESCO1,-0.015237106228163697,0.9297167876700481
SLC14A1,-0.0667188310143665,0.6990401222824167
FN3KRP,0.2798341060256495,0.09833887374886903
SAE1,-0.2745177782324025,0.10517260928689744
SLC6A3,-0.19349058514654016,0.25818243490243353
PGD,-0.22567392192565172,0.18570086984511533
CYP4B1,-0.08510416167941053,0.6216585920616542
MGST3,0.020966908414876397,0.9033941084311059
USP21,-0.46488256238933806,0.004281437841638701
PIP5K1A,0.3343117584161111,0.0462796474089634
ATP8B2,0.014272919762295389,0.9341542447217509
SLC39A1,0.2855069877608253,0.09142592328724558
GALNT2,0.6118981362926962,7.325342431946475e-05
PARP1,0.2825917949326191,0.09493020762180518
SLC20A1,0.3370188170809907,0.044433139820632385
POLR2D,0.043408346704633075,0.8015228556823203
SLC4A10,-0.0012985547797140229,0.9940028762914748
UBR3,0.385640300156124,0.020187659623073315
PHOSPHO2,-0.31295337952814695,0.06310625429697381
SLC25A38,0.09192307715236436,0.5938917778605497
SCD5,0.2222133678084546,0.1927172231302704
MYLK4,0.019192377600655657,0.9115367656150822
CYP39A1,0.6668140531934816,8.96932404986228e-06
NDUFB11,0.14782205226767406,0.389584158054253
PRPS1,0.4750911099707965,0.0034112095077838494
NSDHL,0.11532559528971542,0.5030021588533257
SLC26A7,-0.18506024065870869,0.27990091380881627
NDUFB9,0.0023320229949421803,0.9892302190462289
PTGES,-0.40612791699236295,0.013981703641092488
GLUD1,0.8413605522021811,1.3107660950875498e-10
PLCB3,-0.6617522045040645,1.1080887733220552e-05
TM7SF2,0.713466518201527,1.0387751492777822e-06
HIRIP3,0.24155938342852878,0.1558043919215412
CNDP1,0.9296560169417301,2.6231687507002483e-16
PIP4K2A,0.31683394884388194,0.05973507203968625
TKTL2,-0.2310604075993914,0.17514179036260955
UBE3B,0.010967590458814408,0.9493803300634471
QDPR,0.8499011928771745,5.483412709432836e-11
AKR1C2,0.7320314582528441,3.903342073576833e-07
PIGF,-0.3085917694897145,0.06707267453598838
ACSL1,0.792662092313742,8.318619770989583e-09
PARP8,-0.016362473101327372,0.9245401807296585
MGAT5,-0.20901830722978657,0.22117163258942527
G6PC2,-0.19364521577317376,0.25779480154365114
PDE3B,0.32680476748166093,0.051724644001839806
OLAH,-0.08559962631578975,0.619622989847717
NMT2,0.5267276447174862,0.0009659699574981913
PANK1,0.47291628948027925,0.0035824622129852685
ACMSD,0.9160245669325237,4.78874923234211e-15
RANBP2,-0.05270770399226046,0.7601394961680797
TRIM11,-0.3192945472500404,0.057672461246159525
PI4K2A,0.4768455314882141,0.0032782890645943106
USP25,0.09665195775949692,0.5749603132542557
EEF1A1,0.044928555971758335,0.7947179892875271
UBE2L6,0.28199128357311454,0.0956646635000214
ATP2B2,0.9652681738515545,2.128240090630178e-21
SLC6A1,0.878768463096787,1.8321114805261558e-12
CPT2,0.3867584963755838,0.019798025902718137
TRIM63,-0.21788623929344517,0.20174962661456342
XDH,0.25962552520672444,0.1262312529006103
CPA2,-0.15505971612880776,0.3665243413838933
CPA5,-0.049979885122308554,0.7722164084300953
PLA2G2F,0.2800661154735558,0.09804855007945408
B4GALT3,-0.29855720621236076,0.07694194011841003
CBR1,0.4319998468933149,0.0085124524725811
ALDH4A1,0.7480304253802252,1.5714044195352145e-07
AMFR,0.6529974089328126,1.582633443405293e-05
TGM7,-0.04620221898805282,0.7890281716174535
UROC1,0.9540733698350616,2.2559875149340856e-19
ATP6V0D1,-0.24507507248423313,0.14968882656496288
ZDHHC12,-0.40550738430680144,0.014142706069376367
FLAD1,-0.007540380644472999,0.9651864567800232
UBE2Q1,0.21487864296556378,0.20819870426258968
CYP3A4,0.791197634790131,9.262290087466628e-09
CYP3A7,0.9528345188844446,3.5131722996054704e-19
CYP11B1,0.04226800064248248,0.8066368381364306
COX7A1,-0.1611268742338912,0.3478352947392249
PLCD3,-0.3301546633262094,0.04923485752956263
NEU3,0.260737436898762,0.1245582738493335
AKR7A3,0.5150364012374506,0.0013079957229268702
DHRS3,0.7006492311527566,1.955538821202774e-06
ACP6,0.020803927688943506,0.9041415739733961
ALPP,-0.028735547035391315,0.8678715283060298
ALPI,-0.2952695713039095,0.0804101078259673
PMVK,0.5466815116222011,0.0005611297430163255
RNF25,-0.12239798239044904,0.4769907695053014
SUCLG1,0.06034461093237898,0.7266325074195885
ALB,0.1437043966722599,0.4030707880675817
TIPARP,0.14314802786703837,0.4049133246921908
ABHD6,0.747487235664078,1.6224798643232126e-07
MTMR14,0.39606566236499585,0.016791729197397683
RCHY1,-0.07320888676276838,0.6713313607563565
PLB1,-0.19626387841005272,0.25128877912956754
TGM4,-0.14586559312896866,0.39595918113453726
ZDHHC3,-0.5704750828033673,0.0002804316385367611
NMNAT3,-0.08730694358475896,0.6126299075762437
POLR2H,0.015208867566849412,0.9298467209094029
GPX8,-0.32458528953843796,0.05342894174391734
SLC6A18,-0.08801415530831601,0.6097429981139632
SLC4A2,0.18479110617984282,0.2806132239868551
PDP1,-0.1955063569815983,0.25315947250874543
NUDT2,0.02235487190908127,0.8970319786894826
PIGA,0.19640461904431805,0.2509422385519157
HECTD2,0.09506567530538783,0.581280353170157
RPUSD4,0.14745982722241968,0.39075992952154504
CYP2C19,0.7673339851985079,4.773410701766591e-08
TPP1,0.4142830103103508,0.012005278198407325
RAG1,-0.006175044480412834,0.9714872954608939
PPIB,0.38173140929604116,0.02160025481535655
LDHAL6A,-0.2426595359402716,0.15387152537074122
GLYATL1,0.8469102273373662,7.485049317976217e-11
PDIA3,0.27433829574009083,0.10540944201507035
ACSF2,0.1949193334656498,0.25461547723129047
DOLPP1,-0.21309690550697016,0.21208583389302169
VKORC1,0.6335830828826376,3.354978050350207e-05
CA4,-0.35023687656529134,0.036251007199316114
GPX4,0.436481732885803,0.007781158029147062
AQP2,-0.08942856118821262,0.6039866539453347
CYP2S1,-0.326337490244661,0.052079799049279035
KLK1,-0.447246871469834,0.006240676313615613
KLK2,-0.2016325829269986,0.23829496982390724
TK1,-0.2977619328388208,0.07777001048802115
ENTPD3,-0.315909705907874,0.06052475098317509
PAFAH1B2,-0.06906746419032239,0.6889662817009733
ACOX2,0.7846238574404536,1.4850875914042842e-08
PLA2G4F,-0.6094334686129097,7.976351896981333e-05
PGM2,-0.07417154754875843,0.667256400130344
FASN,0.014768249776189266,0.9318743443515499
DCXR,0.8266219152308285,5.262571201911188e-10
SLC16A5,-0.33555924397240944,0.045421207748311716
B3GNT2,-0.19075013271871918,0.2651163398120791
SLC30A1,0.8551456169221135,3.12535957906323e-11
SDR9C7,0.1574109148803688,0.35921200181264873
ACYP2,0.5727871799754216,0.00026140984532908233
USP32,0.5938233691071679,0.0001345945958255007
CEL,-0.15015031739024448,0.3820758735182549
GSTA4,-0.18054916643435903,0.2919954573659326
MTM1,-0.011318997377740692,0.9477606323126186
GAA,0.43270896545824566,0.008392984427435581
CHST11,0.0891669341190987,0.6050496644222171
PGAM1,0.06421810160311535,0.7098222171906603
ESCO2,-0.3216723123378234,0.055733395283738184
ETFDH,0.6298535473549389,3.8534031593348645e-05
CYP4F11,0.7216807951484085,6.801298418719242e-07
THOP1,0.14859544628848192,0.38708063404986165
TPSAB1,-0.3625295153558912,0.0297851630634022
BPGM,-0.0807404393907809,0.6397049607722454
CES3,0.02583694284488756,0.8810995615892611
PDP2,0.053981925582268844,0.7545170046133408
ADH6,0.8100889098087891,2.1607894528070053e-09
ADCY5,0.05920234797619343,0.731614244018545
PARP14,0.239016762301373,0.1603387499920206
PARP15,0.22413707809057953,0.1887942484495379
ABCD2,-0.06919601420416377,0.68841639922134
GLRX,0.3415419010857268,0.0414807097607655
SLC2A14,0.17199167909026478,0.3158461301150981
PPP1R3B,0.7151709758029393,9.525269922842295e-07
FKBP2,0.3562097166814685,0.03297966329320013
NUDT4,-0.24201775628918973,0.15499694606707323
PC,0.8838525871949773,9.210183368949894e-13
PHOSPHO1,0.24701266205559247,0.14639408656459849
SLC6A19,-0.15533772608949437,0.3656551264571603
GALNTL6,-0.2028234080209398,0.23547538661137188
CA5A,0.885286511683724,7.542480047775171e-13
LPL,-0.07346912285805064,0.6702288600958549
UCP3,0.055712413499142376,0.746901145074068
IP6K1,-0.02344979372307939,0.8920175277084145
GPX2,-0.23994697410540256,0.15866894815296012
COX8A,-0.19897526580256675,0.24466864841455702
HSD11B2,-0.4838915665681169,0.002788764192585395
ACSF3,-0.0713585671973422,0.6791896848610018
TYMS,-0.049083216309871204,0.7761979342059343
POLE,-0.007272756662040608,0.9664213529055283
SLC25A20,0.567910105018353,0.00030297383325667547
PARP10,0.09998283551661108,0.5617915315819226
CYP11B2,-0.09132497704033782,0.5963054593358036
ALOXE3,-0.10410285075603257,0.5456982659796222
FUCA1,0.06624130139600184,0.7010946322434717
F2,0.7589183116770533,8.133742998162023e-08
CYP8B1,0.8233662877065339,7.030057759733286e-10
SLC36A4,0.10803940239696154,0.5305287074980539
SLC25A42,0.8486279587773412,6.26518980332402e-11
PJA1,0.06980847570360804,0.6857987121499997
DHTKD1,0.8000710707219174,4.765836615546592e-09
SGSH,-0.15923038644249513,0.3536139231692453
SIAH2,0.4534082929202625,0.005483021820140108
CHST15,0.4759957150959556,0.003342100442483549
UBE2E2,0.40281990424986364,0.014858143630751696
PLCB1,-0.22080024104686932,0.19563518632656499
TTC3,-0.16598536838135394,0.3332950358824181
PYCR1,-0.5523802716888515,0.00047748595472721264
CHST6,-0.35972138881791976,0.031171732274579006
ALDH1A3,-0.08760979845719885,0.611392917024845
UBE2G2,0.2555383357314413,0.13252457978375184
CA13,-0.20270920303564136,0.23574481421143664
UBE2L3,-0.1929796915981144,0.25946590340845826
GRK1,-0.09811410997253656,0.5691624752411386
ATP4B,-0.174883551870753,0.3076532657636406
NDUFA13,0.019348147036295192,0.9108216306114072
CYP4F2,0.7211974960722184,6.975759946998819e-07
WWOX,0.2633650371541666,0.12067048856911239
CYP4Z1,0.8980549538221513,1.122865718184052e-13
ZNRF1,-0.28949598277569094,0.08679279344879269
CYP4F12,0.15043829654474794,0.3811531158770557
CYP4F8,-0.10137657606551512,0.55632296588783
CYP4F3,0.8167005941899627,1.2492855280911303e-09
UBE2H,0.04227979587023978,0.8065839005740764
HYAL3,-0.08150556768268719,0.6365255955051049
PNLIPRP1,-0.19168497757109618,0.2627373582866395
PTRH1,-0.053286810620732206,0.7575826734021869
CYP4A11,0.7929120114084517,8.166767787993048e-09
AKR1C1,0.8011165118605265,4.397411144509741e-09
KCNJ11,-0.08164395576507298,0.6359512265112109
ADH1A,0.7946178320450387,7.196934385183313e-09
RNF133,-0.2631000073055687,0.12105846148099665
PLA2G2A,0.04046904380201842,0.8147204174638202
DPYD,0.6763816782359211,5.948155538930561e-06
SLC4A5,-0.23770879299233733,0.16270805974400201
PLA2G2E,0.19070592753077548,0.2652291824130471
NDUFA4,0.3102830243250448,0.06551202851786055
FHIT,-0.11532299396526671,0.5030118560314829
SERPINA3,0.7116417924654354,1.139007307272673e-06
AKR1C3,0.0829935795177004,0.6303607202983298
ATP2A1,0.0413991516090606,0.8105385870012867
ADH7,0.8525611048609326,4.134217353595158e-11
NUDT11,-0.28877591504540484,0.0876154620087529
FUT4,-0.4303731042658488,0.008792012258227453
ASMT,-0.1119170807189464,0.5157888164304377
SULT1A1,0.5874739776225216,0.0001652485457303732
ADH1B,0.7079065500931069,1.3723970948703543e-06
SERPINA1,0.726238987328673,5.342220735953953e-07
DIO3,0.11759833297519277,0.4945660710971643
CYP2B6,0.5707402200827844,0.00027818925234088536
CYP2F1,0.038537416521952715,0.8234211523486715
GSTK1,0.16396128748760158,0.33930643263832466
SLC28A3,-0.09561489779787391,0.579088639503221
ENTPD6,-0.34542099231068196,0.03907687159564583
RPE,-0.08756225378197387,0.6115870401492833
ADH5,0.4781385254932125,0.0031832325082237775
AKR1B10,0.18537555928356925,0.27906786362153313
ADH4,0.7526073435861825,1.1963019180851163e-07
WWP2,-0.48641768245005135,0.002629486296604009
AKR1C4,0.8238184506494909,6.755314748760718e-10
SMURF1,0.1369358142452065,0.425810786457622
OXCT2,0.00999632331786511,0.9538580949168556
PNP,-0.04845819807646611,0.7789765682150648
CES1,0.7376718685536753,2.8533488595447327e-07
DZIP3,0.050435151341210245,0.7701970493019754
APRT,-0.11225250905914445,0.5145233906263383
PNLIPRP3,-0.08616240978195974,0.617314184477125
ZDHHC18,0.1541264166262769,0.3694513469169114
HSD17B8,0.6041238910802179,9.559283651167955e-05
RNF5,0.16740391992229786,0.3291214089659712
AGPAT1,-0.08189903948499194,0.6348930692597661
EHMT2,-0.351411744229664,0.03558748360713883
SLC44A4,-0.4580819081255352,0.00496248420733963
PDE7A,-0.024821951741134274,0.8857392487343804
DIO2,-0.33968304246428144,0.0426742673783971
SACM1L,0.029350641023366993,0.8650689085065755
KLHL23,-0.18404190517796526,0.2826022985787512
DDAH2,-0.10864121620297267,0.5282277698758752
CKMT1A,-0.4997187121212609,0.0019149793295576809
DHFR,0.21950867478545644,0.1983290669344082
GPX1,0.37972464812769247,0.02235678543570753
NME1,-0.06132767634866164,0.7223538904031498
ACAD11,0.9055645571555206,3.244707285633804e-14
PPIL3,0.2468118697366163,0.14673303785897338
MIF,0.09049704469878564,0.5996536698167289
PDXP,0.47249974016442303,0.003616100911058602
INMT,0.4840140969687621,0.0027808486165973854
PI4KA,0.08213702828256919,0.6339064683638098
DECR2,0.5325856347378894,0.0008264378250933518
GSTA1,0.7740946427930538,3.0607420430935965e-08
DDOST,-0.3128581359521244,0.06319084451396528
USP51,0.23845004829157337,0.16136224258754361
BCKDHA,0.6690754708472532,8.150362980026048e-06
ADH1C,0.4577297246070306,0.005000165323375553
ATP6V1E2,-0.18778459770156686,0.272756541230412
FPGT,-0.06050033063610152,0.7259542182317248
CYP2A6,0.8311249796193417,3.49066382341886e-10
CTSO,0.5413183821815183,0.0006514893400501014
MGAM,0.09986770463420282,0.5622443733151642
PNLIPRP2,-0.28302063242589176,0.0944083635632489
SLC6A14,-0.2030204799992635,0.235010952267379
NUDT3,0.0055208586970904175,0.9745068984916802
PIGW,-0.11573107197409574,0.501491783268269
ACACA,-0.11403408968733866,0.5078281925273063
NALCN,0.3072520936801548,0.06832951269803779
SCN1A,-0.19749953894381794,0.24825713680456904
HCN1,-0.1257745344449342,0.4648252073031055
SCN11A,-0.09605858169464561,0.5773207967793897
SCNN1A,-0.4254388071032769,0.009688373829465942
SCNN1D,0.40831141868877396,0.013427400277903625
SLC25A33,0.32177600784387944,0.05565002689381261
SLC25A36,-0.5408285184774304,0.0006603533143562133
